playerID,nameFirst,nameLast,score
cabremi01,Miguel,Cabrera,377.68
goldspa01,Paul,Goldschmidt,349.07000000000005
troutmi01,Mike,Trout,347.8
davisch02,Chris,Davis,341.03
canoro01,Robinson,Cano,323.91999999999996
vottojo01,Joey,Votto,317.49
beltrad01,Adrian,Beltre,311.7
fieldpr01,Prince,Fielder,306.65
mccutan01,Andrew,McCutchen,306.11
carpema01,Matt,Carpenter,304.91
encared01,Edwin,Encarnacion,302.81
ortizda01,David,Ortiz,301.41
freemfr01,Freddie,Freeman,298.99
donaljo02,Josh,Donaldson,298.74
pedrodu01,Dustin,Pedroia,297.05
pencehu01,Hunter,Pence,293.62000000000006
jonesad01,Adam,Jones,290.5
choosh01,Shin-Soo,Choo,287.65999999999997
bruceja01,Jay,Bruce,282.05
hollima01,Matt,Holliday,280.64
longoev01,Evan,Longoria,279.75000000000006
martivi01,Victor,Martinez,274.87000000000006
gonzaad01,Adrian,Gonzalez,274.67
hosmeer01,Eric,Hosmer,273.21000000000004
butlebi03,Billy,Butler,271.15
kipnija01,Jason,Kipnis,267.26000000000005
zobribe01,Ben,Zobrist,265.98
santaca01,Carlos,Santana,263.87999999999994
pradoma01,Martin,Prado,263.49
murphda08,Daniel,Murphy,261.44
lowrije01,Jed,Lowrie,261.13
hunteto01,Torii,Hunter,260.25000000000006
phillbr01,Brandon,Phillips,259.22
gordoal01,Alex,Gordon,258.95000000000005
moralke01,Kendrys,Morales,257.85
seageky01,Kyle,Seager,256.93
beltrca01,Carlos,Beltran,254.95
rizzoan01,Anthony,Rizzo,254.17999999999998
craigal01,Allen,Craig,254.17
cuddymi01,Michael,Cuddyer,253.71
werthja01,Jayson,Werth,252.92000000000002
zimmery01,Ryan,Zimmerman,252.53
trumbma01,Mark,Trumbo,251.96
machama01,Manny,Machado,251.60999999999999
desmoia01,Ian,Desmond,250.65999999999997
poseybu01,Buster,Posey,250.53
uptonju01,Justin,Upton,246.37
tulowtr01,Troy,Tulowitzki,245.87
lucrojo01,Jonathan,Lucroy,245.52
hardyjj01,"J. J.",Hardy,244.28
ellsbja01,Jacoby,Ellsbury,242.94
loneyja01,James,Loney,241.07000000000002
kinslia01,Ian,Kinsler,240.97
molinya01,Yadier,Molina,240.88
gomezca01,Carlos,Gomez,239.54
markani01,Nick,Markakis,239.36
napolmi01,Mike,Napoli,238.49
andruel01,Elvis,Andrus,237.20999999999998
alvarpe01,Pedro,Alvarez,236.98
brantmi02,Michael,Brantley,235.01999999999998
sandopa01,Pablo,Sandoval,234.66
aokino01,Nori,Aoki,233.36999999999998
crispco01,Coco,Crisp,232.86
bautijo02,Jose,Bautista,230.12
swishni01,Nick,Swisher,229.24
beltbr01,Brandon,Belt,229.23
browndo01,Domonic,Brown,229.12
deazaal01,Alejandro,"De Aza",228.57999999999996
hamiljo03,Josh,Hamilton,228.07
jayjo02,Jon,Jay,227.47000000000003
simmoan01,Andrelton,Simmons,226.37
ramiral03,Alexei,Ramirez,225.22
dunnad01,Adam,Dunn,224.78000000000003
segurje01,Jean,Segura,223.79999999999998
spande01,Denard,Span,222.88
utleych01,Chase,Utley,222.06
navada01,Daniel,Nava,222.04999999999998
altuvjo01,Jose,Altuve,220.77999999999997
parrage01,Gerardo,Parra,219.3
mossbr01,Brandon,Moss,219.02
wrighda03,David,Wright,218.92999999999998
johnsch05,Chris,Johnson,218.73
lindad01,Adam,Lind,218.37
doziebr01,Brian,Dozier,218.29
perezsa02,Salvador,Perez,216.43
frazito01,Todd,Frazier,215.24
victosh01,Shane,Victorino,214.46
gardnbr01,Brett,Gardner,213.09999999999997
jennide01,Desmond,Jennings,211.64
wietema01,Matt,Wieters,211.54000000000002
cartech02,Chris,Carter,211.54
dominma01,Matt,Dominguez,211.15
cespeyo01,Yoenis,Cespedes,210.25
jacksau01,Austin,Jackson,209.71999999999997
larocad01,Adam,LaRoche,209.49
mauerjo01,Joe,Mauer,209.34
morneju01,Justin,Morneau,207.82999999999998
ethiean01,Andre,Ethier,207.35000000000002
rolliji01,Jimmy,Rollins,206.89999999999998
harpebr03,Bryce,Harper,205.37999999999997
gonzaca01,Carlos,Gonzalez,204.97000000000003
headlch01,Chase,Headley,204.60999999999996
escobyu01,Yunel,Escobar,202.61999999999998
walkene01,Neil,Walker,201.77
stantmi03,Giancarlo,Stanton,200.73999999999998
cozarza01,Zack,Cozart,200.06
pierzaj01,"A. J.",Pierzynski,199.35999999999999
mclouna01,Nate,McLouth,199.17
aybarer01,Erick,Aybar,199.12
castrst01,Starlin,Castro,199.07999999999998
cruzne02,Nelson,Cruz,195.47000000000003
rosarwi01,Wilin,Rosario,195.09
schiena01,Nate,Schierholtz,194.5
cabreas01,Asdrubal,Cabrera,192.93
drewst01,Stephen,Drew,192.53
kendrho01,Howie,Kendrick,192.09
byrdma01,Marlon,Byrd,191.40999999999997
infanom01,Omar,Infante,191.12
venabwi01,Will,Venable,189.9
martest01,Starling,Marte,189.83999999999997
scutama01,Marco,Scutaro,189.70999999999998
castrja01,Jason,Castro,189.59
ibanera01,Raul,Ibanez,188.57
gyorkje01,Jedd,Gyorko,188.38
freesda01,David,Freese,187.74
doumiry01,Ryan,Doumit,186.52
denorch01,Chris,Denorfia,185.97
rasmuco01,Colby,Rasmus,184.26
morelmi01,Mitch,Moreland,183.42000000000002
smoakju01,Justin,Smoak,182.51999999999998
pujolal01,Albert,Pujols,182.34
escobal02,Alcides,Escobar,181.61
saltaja01,Jarrod,Saltalamacchia,181.48
puigya01,Yasiel,Puig,180.32
arenano01,Nolan,Arenado,179.35
bournmi01,Michael,Bourn,179.28000000000003
konerpa01,Paul,Konerko,178.67
youngmi02,Michael,Young,178.57999999999998
ramirha01,Hanley,Ramirez,178.23999999999998
riosal01,Alex,Rios,177.52999999999997
fowlede01,Dexter,Fowler,177.17999999999998
peraljh01,Jhonny,Peralta,176.98000000000002
martiru01,Russell,Martin,175.67
plouftr01,Trevor,Plouffe,174.45000000000002
crawfbr01,Brandon,Crawford,174.1
joycema01,Matthew,Joyce,173.04
martile01,Leonys,Martin,170.20999999999998
suzukic01,Ichiro,Suzuki,169.62
vicieda01,Dayan,Viciedo,169.35
heltoto01,Todd,Helton,167.78
ugglada01,Dan,Uggla,167.17
blancgr01,Gregor,Blanco,166.32999999999998
mccanbr01,Brian,McCann,166.07999999999998
overbly01,Lyle,Overbay,165.6
polloaj01,"A. J.",Pollock,163.68
ellisma01,Mark,Ellis,162.88
shuckja01,"J. B.",Shuck,162.27
uribeju01,Juan,Uribe,161.66
heywaja01,Jason,Heyward,160.06999999999996
reyesjo01,Jose,Reyes,160.04999999999998
willijo03,Josh,Willingham,159.5
crawfca02,Carl,Crawford,159.49999999999997
moustmi01,Mike,Moustakas,158.11999999999998
dirksan01,Andy,Dirks,157.47
saundmi01,Michael,Saunders,157.13
reddijo01,Josh,Reddick,156.92000000000002
lawribr01,Brett,Lawrie,156.37
barneda01,Darwin,Barney,155.95999999999998
ellisaj01,"A. J.",Ellis,155.72
gattiev01,Evan,Gattis,155.72
ruggiju01,Justin,Ruggiano,155.27999999999997
murphda07,David,Murphy,154.58999999999997
myerswi01,Wil,Myers,153.5
hechaad01,Adeiny,Hechavarria,152.88000000000002
ramirar01,Aramis,Ramirez,150.87
jonesga02,Garrett,Jones,150.56
cabreev01,Everth,Cabrera,150.23
gillaco01,Conor,Gillaspie,149.42000000000002
montemi01,Miguel,Montero,149.07
wellsve01,Vernon,Wells,148.48000000000002
stubbdr01,Drew,Stubbs,147.47
hillaa01,Aaron,Hill,146.46999999999997
castiwe01,Welington,Castillo,144.35999999999999
cainlo01,Lorenzo,Cain,144.15999999999997
johnske05,Kelly,Johnson,143.99
gomesjo01,Jonny,Gomes,143.39
alonsyo01,Yonder,Alonso,142.60999999999999
soriaal01,Alfonso,Soriano,141.17000000000002
buckjo01,John,Buck,140.69
smithse01,Seth,Smith,139.54999999999998
keppije01,Jeff,Keppinger,139.27
iannech01,Chris,Iannetta,138.73000000000002
quentca01,Carlos,Quentin,138.17
sogarer01,Eric,Sogard,137.31
rendoan01,Anthony,Rendon,135.49
valbulu01,Luis,Valbuena,135.45
arencjp01,"J. P.",Arencibia,135.40999999999997
ramoswi01,Wilson,Ramos,135
adamsma01,Matt,Adams,134.8
avilemi01,Mike,Aviles,134.59
frankni01,Nick,Franklin,134.32
lemahdj01,DJ,LeMahieu,133.46
hundlni01,Nick,Hundley,132.48
raburry01,Ryan,Raburn,132.28
dudalu01,Lucas,Duda,131.82
ackledu01,Dustin,Ackley,131.6
gregodi01,Didi,Gregorius,131.34
rossco01,Cody,Ross,130.61999999999998
beckhgo01,Gordon,Beckham,130.41000000000003
younger03,Eric,Young,129.31
floripe01,Pedro,Florimon,129.15
gomesya01,Yan,Gomes,128.24
tabatjo01,Jose,Tabata,127.84999999999998
avilaal01,Alex,Avila,127.58
mercejo03,Jordy,Mercer,127.04999999999998
middlwi01,Will,Middlebrooks,126.95
arciaos01,Oswaldo,Arcia,126.58
reynoma01,Mark,Reynolds,126.55
polanpl01,Placido,Polanco,126
barnebr02,Brandon,Barnes,125.13
betanyu01,Yuniesky,Betancourt,123.78999999999999
sanchga01,Gaby,Sanchez,123.36
cabreme01,Melky,Cabrera,122.95
solando01,Donovan,Solano,122.92000000000002
maybejo02,John,Mayberry,122.40999999999998
ruizca01,Carlos,Ruiz,121.87
millebr02,Brad,Miller,121.64
descada01,Daniel,Descalso,121.63999999999999
callaal01,Alberto,Callaspo,120.8
lagarju01,Juan,Lagares,120.25
izturma01,Maicer,Izturis,119.47
morrilo01,Logan,Morrison,119.38
amarial01,Alexi,Amarista,118.8
youngch04,Chris,Young,118.55
davisra01,Rajai,Davis,118.21
kozmape01,Pete,Kozma,117.91000000000001
howarry01,Ryan,Howard,117.88
mesorde01,Devin,Mesoraco,117.34
davisik02,Ike,Davis,117.18
loughda01,David,Lough,117.08999999999999
schumsk01,Skip,Schumaker,115.71999999999998
navardi01,Dioner,Navarro,115.18999999999998
lucased01,Ed,Lucas,113.81
paganan01,Angel,Pagan,113.64
weeksri01,Rickie,Weeks,113.53
dejesda01,David,DeJesus,110.63
soriaal01,Alfonso,Soriano,110.58999999999999
chaveer01,Eric,Chavez,110.57
roberbr01,Brian,Roberts,110.46
scottlu01,Luke,Scott,110.24
norride01,Derek,Norris,110.22999999999999
braunry02,Ryan,Braun,109.41
nunezed02,Eduardo,Nunez,109.34
carpmi01,Mike,Carp,109.28999999999999
reverbe01,Ben,Revere,107.5
gentrcr01,Craig,Gentry,106.45
berkmla01,Lance,Berkman,106.35
lobatjo01,Jose,Lobaton,106.24000000000001
rufda01,Darin,Ruf,105.79
guzmaje01,Jesus,Guzman,103.75999999999999
chiselo01,Lonnie,Chisenhall,103.32
kempma01,Matt,Kemp,102.14999999999999
hafnetr01,Travis,Hafner,101.1
schaflo01,Logan,Schafer,100.88999999999999
uptonbj01,Melvin,Upton,100.56
blankky01,Kyle,Blanks,100.44
ozunama01,Marcell,Ozuna,99.35
parmech01,Chris,Parmelee,98.72999999999999
puntoni01,Nick,Punto,98.25999999999999
quintom01,Omar,Quintanilla,97.61
penaca01,Carlos,Pena,97.20999999999998
profaju01,Jurickson,Profar,96.93999999999998
youngde03,Delmon,Young,96.91
stewach01,Chris,Stewart,96.65
martijd02,"J. D.",Martinez,96.46
blackch02,Charlie,Blackmon,95.55
morsemi01,Mike,Morse,95.08999999999999
yelicch01,Christian,Yelich,92.63999999999999
wallabr01,Brett,Wallace,92.49
derosma01,Mark,DeRosa,91.99
calhoko01,Kole,Calhoun,91.85
kawasmu01,Munenori,Kawasaki,91.80999999999999
frandke01,Kevin,Frandsen,91.69
jasojo01,John,Jaso,91.01
rutlejo01,Josh,Rutledge,90.62
paulxa01,Xavier,Paul,90.19
lombast02,Steve,Lombardozzi,89.94999999999999
francju02,Juan,Francisco,89
eatonad02,Adam,Eaton,88.93
iglesjo01,Jose,Iglesias,88.66
flahery01,Ryan,Flaherty,87.97999999999999
gennesc01,Scooter,Gennett,87.72999999999999
grossro01,Robbie,Grossman,87.52
nixja01,Jayson,Nix,87.33
pierrju01,Juan,Pierre,87.25
torrean02,Andres,Torres,87.02
suzukku01,Kurt,Suzuki,86.07999999999998
pennicl01,Cliff,Pennington,85.19
hicksaa01,Aaron,Hicks,84.43999999999998
penabr01,Brayan,Pena,84.39999999999999
kellydo01,Don,Kelly,84.14999999999999
molinjo01,Jose,Molina,82.85999999999999
barmecl01,Clint,Barmes,81.97
schafjo02,Jordan,Schafer,81.57000000000001
congeha01,Hank,Conger,81.40999999999998
dobbsgr01,Greg,Dobbs,80.6
riosal01,Alex,Rios,80.52999999999999
lakeju01,Junior,Lake,80.14999999999998
dysonja01,Jarrod,Dyson,79.80000000000001
snidetr01,Travis,Snider,79.41
kubelja01,Jason,Kubel,79.31
heisech01,Chris,Heisey,78.78999999999999
hanigry01,Ryan,Hanigan,78.03999999999999
chaveen01,Endy,Chavez,77.73
sweenry01,Ryan,Sweeney,77.25999999999999
satinjo01,Josh,Satin,76.86999999999999
freimna01,Nate,Freiman,76.49
pachejo01,Jordan,Pacheco,75.98
thomacl02,Clete,Thomas,75.57
tuiasma01,Matt,Tuiasosopo,74.92999999999999
grandcu01,Curtis,Granderson,74.17999999999999
daviskh01,Khris,Davis,74.07999999999998
dietrde01,Derek,Dietrich,73.80000000000001
bayja01,Jason,Bay,73.34
dickeco01,Corey,Dickerson,73.33999999999999
giambja01,Jason,Giambi,73.05999999999999
kratzer01,Erik,Kratz,72.94
bakerje03,Jeff,Baker,72.80999999999999
valenda01,Danny,Valencia,72.49999999999999
herrejo03,Jonathan,Herrera,72.05999999999999
bonifem01,Emilio,Bonifacio,71.84
rodrise01,Sean,Rodriguez,71.82999999999998
nievewi01,Wil,Nieves,71.58
callaal01,Alberto,Callaspo,71.00999999999999
biancje01,Jeff,Bianchi,70.99
ariasjo01,Joaquin,Arias,70.92999999999999
flowety01,Tyler,Flowers,69.93999999999998
ryanbr01,Brendan,Ryan,69.92
turneju01,Justin,Turner,69.6
forsylo01,Logan,Forsythe,69.53
getzch01,Chris,Getz,69.41
galvifr01,Freddy,Galvis,68.56
mathije01,Jeff,Mathis,67.33
rodrial01,Alex,Rodriguez,66.3
hairsje02,Jerry,Hairston,66.08
murphdo01,Donnie,Murphy,65.99000000000001
sotoge01,Geovany,Soto,65.74
santira01,Ramon,Santiago,64.4
garciav01,Avisail,Garcia,63.41999999999999
corpoca01,Carlos,Corporan,62.28
coghlch01,Chris,Coghlan,62.160000000000004
bourjpe01,Peter,Bourjos,61.83
ransoco01,Cody,Ransom,61.53
ascheco01,Cody,Asche,61.44
robinsh01,Shane,Robinson,60.63999999999999
brantro01,Rob,Brantly,60.33
tejadmi01,Miguel,Tejada,59.96
villajo01,Jonathan,Villar,59.5
vanslsc01,Scott,"Van Slyke",58.89
bonifem01,Emilio,Bonifacio,58.199999999999996
gutiefr01,Franklin,Gutierrez,58.05
brownan02,Andrew,Brown,57.790000000000006
hoeslj01,"L. J.",Hoes,57.699999999999996
torreyo01,Yorvit,Torrealba,57.589999999999996
gonzama01,Marwin,Gonzalez,57.129999999999995
bogusbr01,Brian,Bogusevic,56.95
robinde02,Derrick,Robinson,56.91
gindlca01,Caleb,Gindl,56.81999999999999
phegljo01,Josh,Phegley,56.15
fuldsa01,Sam,Fuld,55.97
bloomwi01,Willie,Bloomquist,55.51
tejadru01,Ruben,Tejada,54.849999999999994
roberry01,Ryan,Roberts,54.31999999999999
zuninmi01,Mike,Zunino,53.86000000000001
pearcst01,Steve,Pearce,52.1
maldoma01,Martin,Maldonado,51.92
danksjo02,Jordan,Danks,51.599999999999994
colabch01,Chris,Colabello,51.19
herrmch01,Chris,Herrmann,50.8
lairdge01,Gerald,Laird,50.629999999999995
carroja01,Jamey,Carroll,50.58
moorety01,Tyler,Moore,50.43
byrdma01,Marlon,Byrd,49.81
vogtst01,Stephen,Vogt,49.5
crowetr01,Trevor,Crowe,49.46
abreuto01,Tony,Abreu,48.73
escobed01,Eduardo,Escobar,48.309999999999995
sanchhe01,Hector,Sanchez,48.28000000000001
francje02,Jeff,Francoeur,47.949999999999996
reckean01,Anthony,Recker,47.66
federti01,Tim,Federowicz,47.519999999999996
hannaja01,Jack,Hannahan,47.32
greengr01,Grant,Green,47.25
sierrmo01,Moises,Sierra,47.120000000000005
younger03,Eric,Young,47
bartoda02,Daric,Barton,46.870000000000005
reynoma01,Mark,Reynolds,45.989999999999995
maxweju01,Justin,Maxwell,45.83
gosean01,Anthony,Gose,45.6
maxweju01,Justin,Maxwell,43.279999999999994
iglesjo01,Jose,Iglesias,43.16
valdejo02,Jordany,Valdespin,41.65
kottage01,George,Kottaras,41.419999999999995
ludwiry01,Ryan,Ludwick,41.28
johnsre02,Reed,Johnson,40.82
krausma01,Marc,Krauss,40.79
hairssc01,Scott,Hairston,40.72
kotsama01,Mark,Kotsay,40.56999999999999
preslal01,Alex,Presley,40.44
hernace02,Cesar,Hernandez,40.37
dejesda01,David,DeJesus,39.77
penara02,Ramiro,Pena,39.61
cedenro02,Ronny,Cedeno,39.45
haltose01,Sean,Halton,39.16
rosalad01,Adam,Rosales,38.86
nelsoch01,Chris,Nelson,38.699999999999996
izturce01,Cesar,Izturis,38.58
pintojo01,Josmil,Pinto,38.339999999999996
mckenmi01,Michael,McKenry,37.809999999999995
cedenro02,Ronny,Cedeno,37.73
baxtemi01,Mike,Baxter,37.58
culbech01,Charlie,Culberson,37.16
adamsda02,David,Adams,37.13
harrijo05,Josh,Harrison,36.96000000000001
francju02,Juan,Francisco,36.83
grandya01,Yasmani,Grandal,36.77
elmorja01,Jake,Elmore,36.449999999999996
reimono01,Nolan,Reimold,35.94
tracych01,Chad,Tracy,35.8
rominau01,Austin,Romine,35.559999999999995
casilal01,Alexi,Casilla,35.239999999999995
rominan01,Andrew,Romine,34.75
bernaro01,Roger,Bernadina,34.67
cruzto03,Tony,Cruz,34.64
johnsel02,Elliot,Johnson,34.599999999999994
johnsel02,Elliot,Johnson,34.44
dickech01,Chris,Dickerson,33.89
nieuwki01,Kirk,Nieuwenhuis,33.65
youklke01,Kevin,Youkilis,33.6
lavarry01,Ryan,Lavarnway,33.6
rossda01,David,Ross,33.17
espinda01,Danny,Espinosa,33.1
shoppke01,Kelly,Shoppach,32.51
davidma02,Matt,Davidson,32.459999999999994
goinsry01,Ryan,Goins,31.98
almonzo01,Zoilo,Almonte,31.75
tholejo01,Josh,Thole,31.409999999999997
medicto01,Tommy,Medica,31.34
pillbr01,Brett,Pill,31.17
pillake01,Kevin,Pillar,30.99
bradlja02,Jackie,Bradley,30.78
harribr01,Brendan,Harris,30.729999999999997
gordode01,Dee,Gordon,30.63
monteje01,Jesus,Montero,30.52
perezju02,Juan,Perez,29.48
florewi01,Wilmer,Flores,29
morneju01,Justin,Morneau,28.52
borboju01,Julio,Borbon,28.419999999999998
darnatr01,Travis,d'Arnaud,27.59
cowgico01,Collin,Cowgill,27.53
almonab01,Abraham,Almonte,27.49
blanche01,Henry,Blanco,27.419999999999998
garciav01,Avisail,Garcia,27.169999999999998
cervefr01,Francisco,Cervelli,27.02
youngde03,Delmon,Young,26.75
jimenlu02,Luis,Jimenez,26.630000000000003
paredji01,Jimmy,Paredes,26.48
nixla01,Laynce,Nix,25.89
greinza01,Zack,Greinke,25.23
ramirwi01,Wilkin,Ramirez,24.740000000000002
gimenhe01,Hector,Gimenez,24.590000000000003
holtbr01,Brock,Holt,24.28
quinthu01,Humberto,Quintero,24.099999999999998
noonani01,Nick,Noonan,23.97
olivomi01,Miguel,Olivo,23.94
marisja01,Jake,Marisnick,23.599999999999998
lairdbr01,Brandon,Laird,23.580000000000002
gonzaal02,Alex,Gonzalez,23.35
terdojo01,Joey,Terdoslavich,23.020000000000003
boescbr01,Brennan,Boesch,22.51
teixema01,Mark,Teixeira,22.2
quirogu01,Guillermo,Quiroz,22.19
kershcl01,Clayton,Kershaw,22.15
owingch01,Chris,Owings,21.97
jeterde01,Derek,Jeter,21.57
valaich01,Chris,Valaika,21.56
mcdonda02,Darnell,McDonald,21.37
bernaro01,Roger,Bernadina,21.240000000000002
kiescro01,Roger,Kieschnick,21.17
cruzlu01,Luis,Cruz,20.630000000000003
semiema01,Marcus,Semien,20.520000000000003
ciriape01,Pedro,Ciriaco,20.38
sanchto01,Tony,Sanchez,20.360000000000003
ankieri01,Rick,Ankiel,20.34
hernara02,Ramon,Hernandez,20.28
riverre01,Rene,Rivera,20.22
woodtr01,Travis,Wood,20.110000000000003
ingebr01,Brandon,Inge,19.93
preslal01,Alex,Presley,19.58
greenni01,Nick,Green,19.509999999999998
sappeda01,Dave,Sappelt,19.25
duncash01,Shelley,Duncan,19.23
bernido01,Doug,Bernier,18.689999999999998
milleco01,Corky,Miller,18.49
youngmi02,Michael,Young,18.18
lutzdo01,Donald,Lutz,18.03
colvity01,Tyler,Colvin,18.03
ankieri01,Rick,Ankiel,17.99
quinthu01,Humberto,Quintero,17.99
nelsoch01,Chris,Nelson,17.8
suzukku01,Kurt,Suzuki,17.67
hairssc01,Scott,Hairston,17.63
ciriape01,Pedro,Ciriaco,16.91
cowgico01,Collin,Cowgill,16.9
brignre01,Reid,Brignac,16.79
chacijh01,Jhoulys,Chacin,16.7
gilleco01,Cole,Gillespie,16.66
bogaexa01,Xander,Bogaerts,16.32
andinro01,Robert,Andino,16.23
chatwty01,Tyler,Chatwood,16.21
giavojo01,Johnny,Giavotella,15.969999999999999
wisede01,Dewayne,Wise,15.87
dendema01,Matt,"den Dekker",15.74
wilsojo03,Josh,Wilson,15.7
wainwad01,Adam,Wainwright,15.38
selleju01,Justin,Sellers,15.35
hinsker01,Eric,Hinske,15.22
perezhe01,Hernan,Perez,14.74
campato01,Tony,Campana,14.71
snydebr03,Brandon,Snyder,14.57
maybica01,Cameron,Maybin,14.370000000000001
urruthe01,Henry,Urrutia,14.05
mastrda01,Darin,Mastroianni,13.520000000000001
greenty02,Tyler,Greene,13.49
ryanbr01,Brendan,Ryan,13.430000000000001
mileywa01,Wade,Miley,13.39
ryuhy01,Hyun-Jin,Ryu,13.32
cruzlu01,Luis,Cruz,12.7
francje02,Jeff,Francoeur,12.69
teherju01,Julio,Teheran,12.58
alvarhe01,Henderson,Alvarez,12.58
wheelry01,Ryan,Wheeler,12.5
fernajo02,Jose,Fernandez,12.32
teagata01,Taylor,Teagarden,12.16
marteal01,Alfredo,Marte,12.08
medlekr01,Kris,Medlen,11.82
cashnan01,Andrew,Cashner,11.799999999999999
minormi01,Mike,Minor,11.799999999999999
holadbr01,Bryan,Holaday,11.760000000000002
leecl02,Cliff,Lee,11.71
leakemi01,Mike,Leake,11.35
carsoma01,Matt,Carson,11.32
gallayo01,Yovani,Gallardo,11.299999999999999
tanakke01,Kensuke,Tanaka,11.1
hamelco01,Cole,Hamels,11.030000000000001
wiggity01,Ty,Wigginton,10.760000000000002
feldmsc01,Scott,Feldman,10.719999999999999
mahonjo01,Joe,Mahoney,10.66
stulter01,Eric,Stults,10.44
hamilbi02,Billy,Hamilton,10.41
lutzza01,Zach,Lutz,10.36
fryerer01,Eric,Fryer,10.29
niesejo01,Jonathon,Niese,10.239999999999998
westbja01,Jake,Westbrook,9.88
beltren01,Engel,Beltre,9.8
hudsoti01,Tim,Hudson,9.51
garcile02,Leury,Garcia,9.49
garcile02,Leury,Garcia,9.489999999999998
montzlu01,Luke,Montz,9.4
berryqu01,Quintin,Berry,9.39
wellsca01,Casper,Wells,9.38
baileho02,Homer,Bailey,9.28
tekotbl01,Blake,Tekotte,9.110000000000001
navarya01,Yamaico,Navarro,9.09
koberje01,Jeff,Kobernus,8.98
lamboan01,Andrew,Lambo,8.85
johnsro07,Rob,Johnson,8.64
corbipa01,Patrick,Corbin,8.57
gosewtu01,Tuffy,Gosewisch,8.53
bakerjo01,John,Baker,8.52
wongko01,Kolten,Wong,8.51
janispa01,Paul,Janish,8.27
francbe01,Ben,Francisco,8.22
peguefr01,Francisco,Peguero,8.14
pastoty01,Tyler,Pastornicky,8.129999999999999
harenda01,Dan,Haren,8.11
adducji02,Jim,Adduci,8.03
blanche01,Henry,Blanco,7.9799999999999995
sucreje01,Jesus,Sucre,7.93
colege01,Gerrit,Cole,7.8999999999999995
solanjh01,Jhonatan,Solano,7.859999999999999
carroja01,Jamey,Carroll,7.82
nelsoch01,Chris,Nelson,7.67
martife02,Fernando,Martinez,7.64
gonzaal03,Alberto,Gonzalez,7.6
geedi01,Dillon,Gee,7.58
buckjo01,John,Buck,7.54
gonzaal03,Alberto,Gonzalez,7.4
hayesbr01,Brett,Hayes,7.36
brownjo05,Jordan,Brown,7.3
latosma01,Mat,Latos,7.25
lillibr01,Brent,Lillibridge,7.239999999999999
deckeja01,Jaff,Decker,7.17
constjo01,Jose,Constanza,7.029999999999999
morelbr01,Brent,Morel,6.98
adriaeh01,Ehire,Adrianza,6.9799999999999995
kendrky01,Kyle,Kendrick,6.859999999999999
mcdonjo03,John,McDonald,6.859999999999999
watkilo01,Logan,Watkins,6.7299999999999995
hawpebr01,Brad,Hawpe,6.55
bumgama01,Madison,Bumgarner,6.53
hillko01,Koyie,Hill,6.4399999999999995
jacksed01,Edwin,Jackson,6.42
nicasju01,Juan,Nicasio,6.41
cingrto01,Tony,Cingrani,6.33
zimmejo02,Jordan,Zimmermann,6.25
martimi02,Michael,Martinez,6.21
strasst01,Stephen,Strasburg,6.08
estrama01,Marco,Estrada,5.97
kellyjo05,Joe,Kelly,5.9399999999999995
bourgja01,Jason,Bourgeois,5.82
triunca01,Carlos,Triunfel,5.82
butlejo04,Joey,Butler,5.78
schoojo01,Jonathan,Schoop,5.66
mesame01,Melky,Mesa,5.66
gonzagi01,Gio,Gonzalez,5.579999999999999
kearnau01,Austin,Kearns,5.56
chiriro01,Robinson,Chirinos,5.54
volqued01,Edinson,Volquez,5.43
brownco01,Corey,Brown,5.4
delgara01,Randall,Delgado,5.4
lohseky01,Kyle,Lohse,5.38
rosalad01,Adam,Rosales,5.359999999999999
tovarwi01,Wilfredo,Tovar,5.35
ruppca01,Cameron,Rupp,5.23
zitoba01,Barry,Zito,5.2
nolasri01,Ricky,Nolasco,5.08
clevest01,Steve,Clevenger,4.94
samarje01,Jeff,Samardzija,4.890000000000001
walteza01,Zach,Walters,4.75
ramirjo01,Jose,Ramirez,4.75
cahiltr01,Trevor,Cahill,4.66
fuentre01,Reymond,Fuentes,4.62
robinch02,Chris,Robinson,4.51
kubelja01,Jason,Kubel,4.41
maholpa01,Paul,Maholm,4.390000000000001
garzama01,Matt,Garza,4.359999999999999
choicmi01,Michael,Choice,4.21
casteni01,Nick,Castellanos,4.2
pegueca01,Carlos,Peguero,4.1
chambad01,Adron,Chambers,4.04
mcdonjo03,John,McDonald,4.02
lannajo01,John,Lannan,3.97
marquja01,Jason,Marquis,3.92
parrian01,Andy,Parrino,3.89
cainma01,Matt,Cain,3.88
kenneia01,Ian,Kennedy,3.87
snydech02,Chris,Snyder,3.87
langery01,Ryan,Langerhans,3.82
casteal01,Alex,Castellanos,3.81
diazma02,Matt,Diaz,3.8
francje01,Jeff,Francis,3.75
mcguich01,Chris,McGuiness,3.75
peralwi01,Wily,Peralta,3.75
wheelza01,Zach,Wheeler,3.7300000000000004
roarkta01,Tanner,Roark,3.69
cloydty01,Tyler,Cloyd,3.6100000000000003
beckhti01,Tim,Beckham,3.49
piefe01,Felix,Pie,3.4800000000000004
murphjr01,"J. R.",Murphy,3.48
mooread01,Adam,Moore,3.45
orrpe01,Pete,Orr,3.3
centeju01,Juan,Centeno,3.19
mortoch02,Charlie,Morton,3.1500000000000004
figaral01,Alfredo,Figaro,3.14
marcush01,Shaun,Marcum,3.0799999999999996
liriafr01,Francisco,Liriano,3.05
navaref01,Efren,Navarro,3.01
wachami01,Michael,Wacha,2.99
lynnla01,Lance,Lynn,2.88
rusinch01,Chris,Rusin,2.8600000000000003
millesh01,Shelby,Miller,2.8499999999999996
stassma01,Max,Stassi,2.83
dickera01,"R. A.",Dickey,2.83
fieldth01,Thomas,Field,2.81
lallibl01,Blake,Lalli,2.74
pagnoma01,Matt,Pagnozzi,2.73
linceti01,Tim,Lincecum,2.67
cuetojo01,Johnny,Cueto,2.5900000000000003
fistedo01,Doug,Fister,2.5100000000000002
matsuda01,Daisuke,Matsuzaka,2.49
richacl01,Clayton,Richard,2.49
lockeje01,Jeff,Locke,2.48
kenneia01,Ian,Kennedy,2.45
peterbr02,Brock,Peterson,2.44
carreez01,Ezequiel,Carrera,2.41
boscajc01,"J. C.",Boscan,2.4
anderbr05,Bryan,Anderson,2.39
nealth01,Thomas,Neal,2.37
villaca01,Carlos,Villanueva,2.35
vogelry01,Ryan,Vogelsong,2.33
mcdonja03,James,McDonald,2.33
harvema01,Matt,Harvey,2.33
milonto01,Tommy,Milone,2.31
bussni01,Nick,Buss,2.25
pettijo02,Jonathan,Pettibone,2.23
carreez01,Ezequiel,Carrera,2.21
garlajo01,Jon,Garland,2.16
mendolu01,Luis,Mendoza,2.11
pridija01,Jason,Pridie,2.11
ciriape01,Pedro,Ciriaco,2.08
petityu01,Yusmeiro,Petit,2.07
gosseph01,Philip,Gosselin,2.05
brignre01,Reid,Brignac,2.01
rossty01,Tyson,Ross,1.98
scherma01,Max,Scherzer,1.95
morsemi01,Mike,Morse,1.93
harrelu01,Lucas,Harrell,1.86
mcdonjo03,John,McDonald,1.85
skaggty01,Tyler,Skaggs,1.81
norribu01,Bud,Norris,1.76
moneljo01,Johnny,Monell,1.75
nolasri01,Ricky,Nolasco,1.73
petersh01,Shane,Peterson,1.72
marrech01,Chris,Marrero,1.71
princjo01,Josh,Prince,1.69
josepco01,Corban,Joseph,1.69
gimench01,Chris,Gimenez,1.69
arrieja01,Jake,Arrieta,1.6600000000000001
clarkco01,Cody,Clark,1.6300000000000001
ishiktr01,Travis,Ishikawa,1.6
jordata01,Taylor,Jordan,1.56
erlinro01,Robbie,Erlin,1.52
leblawa01,Wade,LeBlanc,1.4600000000000002
oswalro01,Roy,Oswalt,1.4600000000000002
flynnbr01,Brian,Flynn,1.4600000000000002
marsolo01,Lou,Marson,1.38
herreel01,Elian,Herrera,1.36
dewitbl01,Blake,DeWitt,1.3
valdera02,Raul,Valdes,1.3
beachbr01,Brandon,Beachy,1.27
beckejo02,Josh,Beckett,1.27
taylomi01,Michael,Taylor,1.26
kotchca01,Casey,Kotchman,1.24
curtije01,Jermaine,Curtis,1.21
handdo01,Donovan,Hand,1.2
peavyja01,Jake,Peavy,1.2
smithbu03,Burch,Smith,1.17
haranaa01,Aaron,Harang,1.16
gonzami04,Miguel,Gonzalez,1.16
cunnito01,Todd,Cunningham,1.16
minerza01,Zach,Miner,1.16
rodriwa01,Wandy,Rodriguez,1.11
lyonsty01,Tyler,Lyons,1.06
kickhmi01,Mike,Kickham,1
susdost01,Steve,Susdorf,1
wellsca01,Casper,Wells,0.98
clevest01,Steve,Clevenger,0.97
norribu01,Bud,Norris,0.88
hollade01,Derek,Holland,0.88
parrama01,Manny,Parra,0.88
porceri01,Rick,Porcello,0.88
faluir01,Irving,Falu,0.88
masteju01,Justin,Masterson,0.88
dukeza01,Zach,Duke,0.88
torreca01,Carlos,Torres,0.82
sizemsc01,Scott,Sizemore,0.8
rodrihe04,Henry,Rodriguez,0.77
wilsocj01,"C. J.",Wilson,0.77
carsoro01,Robert,Carson,0.69
leagubr01,Brandon,League,0.69
alvarjo02,Jose,Alvarez,0.69
hestejo01,John,Hester,0.69
gilleco01,Cole,Gillespie,0.69
mchugco01,Collin,McHugh,0.68
chenbr01,Bruce,Chen,0.68
hellije01,Jeremy,Hellickson,0.68
axelrdy01,Dylan,Axelrod,0.68
shielja02,James,Shields,0.68
kazmisc01,Scott,Kazmir,0.68
reynogr01,Greg,Reynolds,0.6000000000000001
collmjo01,Josh,Collmenter,0.6
lillibr01,Brent,Lillibridge,0.58
bassan01,Anthony,Bass,0.55
skipwky01,Kyle,Skipworth,0.49
johnsjo09,Josh,Johnson,0.49
liddial01,Alex,Liddi,0.49
redmoto01,Todd,Redmond,0.49
klubeco01,Corey,Kluber,0.49
mcdonjo03,John,McDonald,0.49
paxtoja01,James,Paxton,0.49
webbry01,Ryan,Webb,0.48
morribr01,Bryan,Morris,0.48
perezeu01,Eury,Perez,0.48
santaer01,Ervin,Santana,0.48
guthrje01,Jeremy,Guthrie,0.48
blantjo01,Joe,Blanton,0.48
turneja01,Jacob,Turner,0.41000000000000003
gaudich01,Chad,Gaudin,0.41000000000000003
burneaj01,"A. J.",Burnett,0.4000000000000001
osullse01,Sean,O'Sullivan,0.4
volqued01,Edinson,Volquez,0.38
capuach01,Chris,Capuano,0.37
sloweke01,Kevin,Slowey,0.36
sabatcc01,CC,Sabathia,0.35
straida01,Dan,Straily,0.29
stammcr01,Craig,Stammen,0.29
manesse01,Seth,Maness,0.28
diamosc01,Scott,Diamond,0.28
sanabal01,Alex,Sanabia,0.27
guzmafr01,Freddy,Guzman,0.2
jimenub01,Ubaldo,Jimenez,0.19
mccarbr01,Brandon,McCarthy,0.15000000000000002
eovalna01,Nathan,Eovaldi,0.10000000000000003
rogeres01,Esmil,Rogers,0.10000000000000003
saverjo01,Joe,Savery,0.1
rauchjo01,Jon,Rauch,0.1
avilalu01,Luis,Avilan,0.1
mainejo01,John,Maine,0.1
peacobr01,Brad,Peacock,0.1
sanchan01,Anibal,Sanchez,0.09000000000000001
cumptbr01,Brandon,Cumpton,0.09000000000000001
griffaj01,"A. J.",Griffin,0.09
gastjo01,John,Gast,0.09
hernafe02,Felix,Hernandez,0.09
cousisc01,Scott,Cousins,0.09
buterdr01,Drew,Butera,0.08
mazzavi01,Vin,Mazzaro,0.08
simonal01,Alfredo,Simon,0.08
francfr01,Frank,Francisco,0
carpeda02,David,Carpenter,0
nolinse01,Sean,Nolin,0
wolfro01,Ross,Wolf,0
krolia01,Ian,Krol,0
hillri01,Rich,Hill,0
clippty01,Tyler,Clippard,0
pryorst01,Stephen,Pryor,0
dunnija01,Jake,Dunning,0
rzepcma01,Marc,Rzepczynski,0
brittdr01,Drake,Britton,0
lopezja02,Javier,Lopez,0
riverma01,Mariano,Rivera,0
matthry01,Ryan,Mattheus,0
dunnmi01,Mike,Dunn,0
villabr02,Brayan,Villarreal,0
brittza01,Zach,Britton,0
hochelu01,Luke,Hochevar,0
carraca01,Carlos,Carrasco,0
cobbal01,Alex,Cobb,0
watsoto01,Tony,Watson,0
familje01,Jeurys,Familia,0
woodbl01,Blake,Wood,0
johnser04,Erik,Johnson,0
matusbr01,Brian,Matusz,0
durbich01,Chad,Durbin,0
benoijo01,Joaquin,Benoit,0
romerri01,Ricky,Romero,0
leblawa01,Wade,LeBlanc,0
garcija01,Santiago,Casilla,0
hawkila01,LaTroy,Hawkins,0
gomesbr01,Brandon,Gomes,0
aardsda01,David,Aardsma,0
coellro01,Robert,Coello,0
ramosaj01,"A. J.",Ramos,0
oteroda01,Dan,Otero,0
petrija01,Jake,Petricka,0
smithjo05,Joe,Smith,0
farnsky01,Kyle,Farnsworth,0
moorema02,Matt,Moore,0
johnsji04,Jim,Johnson,0
balfogr01,Grant,Balfour,0
dwyerch01,Chris,Dwyer,0
grayso01,Sonny,Gray,0
lecursa01,Sam,LeCure,0
loupaa01,Aaron,Loup,0
chambjo03,Joba,Chamberlain,0
abadfe01,Fernando,Abad,0
ramosce01,Cesar,Ramos,0
myersbr01,Brett,Myers,0
webbda01,Daniel,Webb,0
farquda01,Danny,Farquhar,0
diazjo02,Jonathan,Diaz,0
purceda01,David,Purcey,0
maurebr01,Brandon,Maurer,0
villape01,Pedro,Villarreal,0
salech01,Chris,Sale,0
leech01,"C. C.",Lee,0
lowede01,Derek,Lowe,0
cokeph01,Phil,Coke,0
scahiro01,Rob,Scahill,0
roberda08,David,Robertson,0
smithwi04,Will,Smith,0
nunovi01,Vidal,Nuno,0
putkolu01,Luke,Putkonen,0
workmbr01,Brandon,Workman,0
bardda01,Daniel,Bard,0
dysonsa01,Sam,Dyson,0
stinsjo01,Josh,Stinson,0
romose01,Sergio,Romo,0
vinceni01,Nick,Vincent,0
crainje01,Jesse,Crain,0
lowema01,Mark,Lowe,0
chapmke02,Kevin,Chapman,0
laffeaa01,Aaron,Laffey,0
aceveal01,Alfredo,Aceves,0
defraju01,Justin,"De Fratus",0
weberth01,Thad,Weber,0
oberhbr01,Brett,Oberholtzer,0
putnaza01,Zach,Putnam,0
worleva01,Vance,Worley,0
frasoja01,Jason,Frasor,0
storedr01,Drew,Storen,0
rondobr01,Bruce,Rondon,0
boggsmi01,Mitchell,Boggs,0
thatcjo01,Joe,Thatcher,0
leesmch01,Charles,Leesman,0
heathde01,Deunte,Heath,0
butleke01,Keith,Butler,0
lafrobo01,Bobby,LaFromboise,0
hollagr01,Greg,Holland,0
colemlo01,Louis,Coleman,0
rapadcl01,Clay,Rapada,0
schepta01,Tanner,Scheppers,0
arrieja01,Jake,Arrieta,0
narvech01,Chris,Narveson,0
roberty01,Tyler,Robertson,0
webstal01,Allen,Webster,0
smylydr01,Drew,Smyly,0
marmoca01,Carlos,Marmol,0
putzjj01,"J. J.",Putz,0
mayayu01,Yunesky,Maya,0
edginjo01,Josh,Edgin,0
storemi01,Mickey,Storey,0
rondohe01,Hector,Rondon,0
thayeda01,Dale,Thayer,0
broxtjo01,Jonathan,Broxton,0
kensilo01,Logan,Kensing,0
garcion01,Onelki,Garcia,0
byrdati01,Tim,Byrdak,0
colliti01,Tim,Collins,0
nathajo01,Joe,Nathan,0
medinyo01,Yoervis,Medina,0
maronni01,Nick,Maronde,0
felicpe01,Pedro,Feliciano,0
odorija01,Jake,Odorizzi,0
quallch01,Chad,Qualls,0
ueharko01,Koji,Uehara,0
betande01,Dellin,Betances,0
gregelu01,Luke,Gregerson,0
thielca01,Caleb,Thielbar,0
adamsmi03,Mike,Adams,0
delabst01,Steve,Delabar,0
rasmuco02,Cory,Rasmus,0
peraljo01,Joel,Peralta,0
felizne01,Neftali,Feliz,0
oflaher01,Eric,O'Flaherty,0
diekmja01,Jake,Diekman,0
wrighja01,Jamey,Wright,0
johnsst02,Steve,Johnson,0
barnesc01,Scott,Barnes,0
freemju02,Justin,Freeman,0
betanra01,Rafael,Betancourt,0
greggke01,Kevin,Gregg,0
bondeje01,Jeremy,Bonderman,0
sanchan02,Angel,Sanchez,0
lerouch01,Chris,Leroux,0
buchhcl01,Clay,Buchholz,0
crowaa01,Aaron,Crow,0
cabrace01,Cesar,Cabral,0
delarda01,Dane,"De La Rosa",0
hoovejj01,"J. J.",Hoover,0
phillza01,Zach,Phillips,0
welkedu01,Duke,Welker,0
wrighst01,Steven,Wright,0
freemsa01,Sam,Freeman,0
streehu01,Huston,Street,0
volstch01,Chris,Volstad,0
sanched01,Eduardo,Sanchez,0
hanrajo01,Joel,Hanrahan,0
luekejo01,Josh,Lueke,0
luetglu01,Lucas,Luetge,0
cabreal03,Alberto,Cabrera,0
chenwe02,Wei-Yin,Chen,0
delareu01,Eury,"De La Rosa",0
horstje01,Jeremy,Horst,0
atchisc01,Scott,Atchison,0
papeljo01,Jonathan,Papelbon,0
roblema01,Mauricio,Robles,0
melanma01,Mark,Melancon,0
marshbr01,Brett,Marshall,0
fieldjo03,Josh,Fields,0
stroppe01,Pedro,Strop,0
thornma01,Matt,Thornton,0
hansoto01,Tommy,Hanson,0
garzama01,Matt,Garza,0
gonzaed01,Edgar,Gonzalez,0
affelje01,Jeremy,Affeldt,0
aumonph01,Phillippe,Aumont,0
rodnefe01,Fernando,Rodney,0
marshse01,Sean,Marshall,0
perezch01,Chris,Perez,0
okajihi01,Hideki,Okajima,0
wrighwe01,Wesley,Wright,0
jonesna01,Nate,Jones,0
bastaan01,Antonio,Bastardo,0
rosenbj01,"B. J.",Rosenberg,0
bootcch01,Chris,Bootcheck,0
happja01,"J. A.",Happ,0
bucknbi02,Billy,Buckner,0
kiermke01,Kevin,Kiermaier,0
hembrhe01,Heath,Hembree,0
alberan01,Andrew,Albers,0
delarru01,Rubby,"De La Rosa",0
scribev01,Evan,Scribner,0
parkebl01,Blake,Parker,0
oliveda02,Darren,Oliver,0
dolisra01,Rafael,Dolis,0
morrobr01,Brandon,Morrow,0
frierer01,Ernesto,Frieri,0
enrigba01,Barry,Enright,0
grillja01,Jason,Grilli,0
wagnene01,Neil,Wagner,0
borboju01,Julio,Borbon,0
tillmch01,Chris,Tillman,0
kimbrcr01,Craig,Kimbrel,0
cruzrh01,Rhiner,Cruz,0
hendeji01,Jim,Henderson,0
choatra01,Randy,Choate,0
langwma01,Matt,Langwell,0
alberma01,Matt,Albers,0
delatjo01,Jose,"De La Torre",0
reedad01,Addison,Reed,0
parkeja02,Jarrod,Parker,0
nealth01,Thomas,Neal,0
rodrifr03,Francisco,Rodriguez,0
fienca01,Casey,Fien,0
mccleky01,Kyle,McClellan,0
stutemi01,Michael,Stutes,0
grimmju01,Justin,Grimm,0
tollesh01,Shawn,Tolleson,0
buenofr01,Francisley,Bueno,0
hendrli01,Liam,Hendriks,0
gonzami02,Mike,Gonzalez,0
albural01,Al,Alburquerque,0
deleojo02,Jorge,"De Leon",0
castrsi01,Simon,Castro,0
contrjo01,Jose,Contreras,0
reedev01,Evan,Reed,0
rodrihe03,Henry,Rodriguez,0
perezju01,Juan,Perez,0
olmosed01,Edgar,Olmos,0
josepdo01,Donnie,Joseph,0
eppleco01,Cody,Eppley,0
rosscza01,Zac,Rosscup,0
waldejo01,Jordan,Walden,0
tomlijo01,Josh,Tomlin,0
limch01,Chang-Yong,Lim,0
kintzbr01,Brandon,Kintzler,0
gearrco01,Cory,Gearrin,0
hennse01,Sean,Henn,0
lyonbr01,Brandon,Lyon,0
allenco01,Cody,Allen,0
huffda01,David,Huff,0
cookry01,Ryan,Cook,0
reidry01,Ryan,Reid,0
parnebo01,Bobby,Parnell,0
pimenst01,Stolmy,Pimentel,0
soriajo01,Joakim,Soria,0
martevi01,Victor,Marte,0
omogrbr01,Brian,Omogrosso,0
fujikky01,Kyuji,Fujikawa,0
surkaer01,Eric,Surkamp,0
guerrja01,Javy,Guerra,0
boshebu01,Buddy,Boshers,0
tonkimi01,Michael,Tonkin,0
chrisni01,Nick,Christiani,0
dempsry01,Ryan,Dempster,0
cecilbr01,Brett,Cecil,0
axforjo01,John,Axford,0
mijarjo01,Jose,Mijares,0
soriara01,Rafael,Soriano,0
janseke01,Kenley,Jansen,0
perezlu01,Luis,Perez,0
ondrulo01,Logan,Ondrusek,0
doolise01,Sean,Doolittle,0
jurrjja01,Jair,Jurrjens,0
blacktr01,Travis,Blackley,0
rossro01,Robbie,Ross,0
walketa01,Taijuan,Walker,0
torreal01,Alex,Torres,0
santihe01,Hector,Santiago,0
lincobr01,Brad,Lincoln,0
kirkmmi01,Michael,Kirkman,0
hernada01,David,Hernandez,0
ayalalu01,Luis,Ayala,0
mikolmi01,Miles,Mikolas,0
janssca01,Casey,Janssen,0
marticr01,Cristhian,Martinez,0
figuepe01,Pedro,Figueroa,0
doteloc01,Octavio,Dotel,0
karnsna01,Nate,Karns,0
beatope01,Pedro,Beato,0
furbuch01,Charlie,Furbush,0
valdelu01,Jairo,Asencio,0
blackvi01,Vic,Black,0
guerrma02,Matt,Guerrier,0
walljo02,Josh,Wall,0
burneal01,Alex,Burnett,0
humbeph01,Philip,Humber,0
resopch01,Chris,Resop,0
shawbr01,Bryan,Shaw,0
neshepa01,Pat,Neshek,0
martida02,David,Martinez,0
perezol01,Oliver,Perez,0
ortegjo01,Jose,Ortega,0
ramirer02,Erasmo,Ramirez,0
beavabl01,Blake,Beavan,0
rothmi01,Michael,Roth,0
guilmpr01,Preston,Guilmet,0
waltepj01,"P. J.",Walters,0
bowdemi01,Michael,Bowden,0
santoom01,Omir,Santos,0
lindbjo01,Josh,Lindblom,0
burnese01,Sean,Burnett,0
germaju01,Justin,Germano,0
hernape02,Pedro,Hernandez,0
cedenxa01,Xavier,Cedeno,0
partccu01,Curtis,Partch,0
millean01,Andrew,Miller,0
ruffich01,Chance,Ruffin,0
boxbebr01,Brad,Boxberger,0
santose01,Sergio,Santos,0
harrima01,Matt,Harrison,0
lindsma01,Matt,Lindstrom,0
burnsco01,Cory,Burns,0
layneto01,Tommy,Layne,0
cosarja01,Jarred,Cosart,0
shoemma01,Matt,Shoemaker,0
bailean01,Andrew,Bailey,0
nickemi01,Mike,Nickeas,0
roenijo01,Josh,Roenicke,0
wilheto01,Tom,Wilhelmsen,0
jeffrje01,Jeremy,Jeffress,0
perkigl01,Glen,Perkins,0
ortizjo05,Joe,Ortiz,0
downsda02,Darin,Downs,0
ramirjc01,"J. C.",Ramirez,0
moylape01,Peter,Moylan,0
valvejo01,Jose,Valverde,0
gutieju01,"J. C.",Gutierrez,0
wangch01,Chien-Ming,Wang,0
brachbr01,Brad,Brach,0
harriwi02,Will,Harris,0
burtoja01,Jared,Burton,0
kohnmi01,Michael,Kohn,0
daleyma01,Matt,Daley,0
caminar01,Arquimedes,Caminero,0
cishest01,Steve,Cishek,0
hunteto02,Tommy,Hunter,0
cottsne01,Neal,Cotts,0
paterjo01,Joe,Paterson,0
pestavi01,Vinnie,Pestano,0
downssc01,Scott,Downs,0
zagurmi01,Mike,Zagurski,0
kellesh01,Shawn,Kelley,0
mcfartj01,"T. J.",McFarland,0
vargaja01,Jason,Vargas,0
warread01,Adam,Warren,0
bushda01,Dave,Bush,0
danksjo01,John,Danks,0
hynesco01,Colt,Hynes,0
pattotr01,Troy,Patton,0
milleji02,Jim,Miller,0
stangda01,Daniel,Stange,0
jennida01,Dan,Jennings,0
martijo07,Joe,Martinez,0
ramirra02,Ramon,Ramirez,0
zeidjo01,Josh,Zeid,0
mcgeeja01,Jake,McGee,0
garcifr02,Freddy,Garcia,0
blazemi01,Michael,Blazek,0
troncra01,Ramon,Troncoso,0
hatchch02,Chris,Hatcher,0
loch02,Chia-Jen,Lo,0
herreke01,Kelvin,Herrera,0
campsh01,Shawn,Camp,0
claibpr01,Preston,Claiborne,0
devrico01,Cole,"De Vries",0
romeren01,Enny,Romero,0
wilsoal01,Alex,Wilson,0
drabeky01,Kyle,Drabek,0
zieglbr01,Brad,Ziegler,0
belfimi01,Mike,Belfiore,0
mcgowdu01,Dustin,McGowan,0
vealdo01,Donnie,Veal,0
takahhi01,Hisanori,Takahashi,0
gibsoky01,Kyle,Gibson,0
ambrihe01,Hector,Ambriz,0
reynoma02,Matt,Reynolds,0
wilsobr01,Brian,Wilson,0
jepseke01,Kevin,Jepsen,0
belisro01,Ronald,Belisario,0
velazgi01,Gil,Velazquez,0
russeja02,James,Russell,0
brasiry01,Ryan,Brasier,0
loeka01,Kameron,Loe,0
cappsca01,Carter,Capps,0
clarkza01,Zach,Clark,0
amesst01,Steve,Ames,0
ricesc01,Scott,Rice,0
fontwi01,Wilmer,Font,0
duensbr01,Brian,Duensing,0
belivje01,Jeff,Beliveau,0
hagadni01,Nick,Hagadone,0
loganbo02,Boone,Logan,0
clemepa02,Paul,Clemens,0
anderbr04,Brett,Anderson,0
noesihe01,Hector,Noesi,0
pressry01,Ryan,Pressly,0
jimence01,Cesar,Jimenez,0
martish01,Shairon,Martis,0
duffyda01,Danny,Duffy,0
bellhe01,Heath,Bell,0
ventuyo01,Yordano,Ventura,0
tazawju01,Junichi,Tazawa,0
breslcr01,Craig,Breslow,0
richaga01,Garrett,Richards,0
peavyja01,Jake,Peavy,0
belowdu01,Duane,Below,0
verasjo01,Jose,Veras,0
teafoev01,Everett,Teaford,0
brewech01,Charles,Brewer,0
daviser02,Erik,Davis,0
rienzan01,Andre,Rienzo,0
sippto01,Tony,Sipp,0
arroybr01,Bronson,Arroyo,-0.07999999999999985
withrch01,Chris,Withrow,-0.1
dedunsa01,Sam,Deduno,-0.1
johnskr01,Kris,Johnson,-0.1
dejesda01,David,DeJesus,-0.1
gonzami03,Miguel,Gonzalez,-0.1
raleybr01,Brooks,Raley,-0.1
hugheph01,Phil,Hughes,-0.1
moscogu01,Guillermo,Moscoso,-0.1
doubrfe01,Felix,Doubront,-0.1
pomerdr01,Drew,Pomeranz,-0.1
bedarer01,Erik,Bedard,-0.1
kontoge01,George,Kontos,-0.1
carpeda01,David,Carpenter,-0.1
sanchjo01,Jonathan,Sanchez,-0.11
ottavad01,Adam,Ottavino,-0.12
weeksje01,Jemile,Weeks,-0.12
burgohi01,Hiram,Burgos,-0.12
verlaju01,Justin,Verlander,-0.2
johnsda06,Dan,Johnson,-0.2
rzepcma01,Marc,Rzepczynski,-0.2
pelfrmi01,Mike,Pelfrey,-0.2
lopezwi01,Wilton,Lopez,-0.2
blevije01,Jerry,Blevins,-0.2
salasfe01,Fernando,Salas,-0.2
brothre01,Rex,Brothers,-0.2
buterdr01,Drew,Butera,-0.2
hoeslj01,"L. J.",Hoes,-0.2
archech01,Chris,Archer,-0.2
mchugco01,Collin,McHugh,-0.2
pettian01,Andy,Pettitte,-0.2
wootero01,Rob,Wooten,-0.2
bantzbr01,Brandon,Bantz,-0.2
tepesni01,Nick,Tepesch,-0.2
chapmar01,Aroldis,Chapman,-0.2
laffeaa01,Aaron,Laffey,-0.2
garcilu03,Luis,Garcia,-0.2
irwinph01,Phil,Irwin,-0.2
feldmsc01,Scott,Feldman,-0.2
odayda01,Darren,O'Day,-0.2
worthda01,Danny,Worth,-0.2
holmbda01,David,Holmberg,-0.2
leonsa01,Sandy,Leon,-0.2
chaveje01,Jesse,Chavez,-0.2
colomal01,Alex,Colome,-0.2
ogandal01,Alexi,Ogando,-0.2
rosarsa02,Sandy,Rosario,-0.2
wellsca01,Casper,Wells,-0.2
perezau01,Audry,Perez,-0.2
wrighwe01,Wesley,Wright,-0.2
quintjo01,Jose,Quintana,-0.2
bethach01,Christian,Bethancourt,-0.2
bauertr01,Trevor,Bauer,-0.2
rosentr01,Trevor,Rosenthal,-0.2
buehrma01,Mark,Buehrle,-0.2
howeljp01,"J. P.",Howell,-0.2
dominjo01,Jose,Dominguez,-0.2
gausmke01,Kevin,Gausman,-0.2
mortecl01,Clayton,Mortensen,-0.2
burkegr01,Greg,Burke,-0.2
larocan01,Andy,LaRoche,-0.2
martica04,Carlos,Martinez,-0.2
guerrma02,Matt,Guerrier,-0.2
rodrist02,Paco,Rodriguez,-0.2
machije01,Jean,Machi,-0.2
badenbu01,Burke,Badenhop,-0.2
roech01,Chaz,Roe,-0.2
germego01,Gonzalez,Germen,-0.2
spruize01,Zeke,Spruill,-0.2
swarzan01,Anthony,Swarzak,-0.2
willije02,Jerome,Williams,-0.2
ortizra01,Ramon,Ortiz,-0.2
cisnejo01,Jose,Cisnero,-0.2
shoppke01,Kelly,Shoppach,-0.2
varvaan01,Anthony,Varvaro,-0.2
siegrke01,Kevin,Siegrist,-0.2
belisma01,Matt,Belisle,-0.2
cletoma01,Maikel,Cleto,-0.2
daviswa01,Wade,Davis,-0.30000000000000004
bakersc02,Scott,Baker,-0.30000000000000004
hammeja01,Jason,Hammel,-0.30000000000000004
saundjo01,Joe,Saunders,-0.30000000000000004
greengr01,Grant,Green,-0.35
billich01,Chad,Billingsley,-0.39999999999999997
manshje01,Jeff,Manship,-0.4
salazda01,Danny,Salazar,-0.4
outmajo01,Josh,Outman,-0.4
moralfr01,Franklin,Morales,-0.4
handbr01,Brad,Hand,-0.4
phelpco01,Cord,Phelps,-0.4
phelpda01,David,Phelps,-0.4
bondeje01,Jeremy,Bonderman,-0.4
ishiktr01,Travis,Ishikawa,-0.4
iwakuhi01,Hisashi,Iwakuma,-0.4
keuchda01,Dallas,Keuchel,-0.4
mcallza01,Zach,McAllister,-0.4
jacksry02,Ryan,Jackson,-0.4
hugheja02,Jared,Hughes,-0.4
nelsoji02,Jimmy,Nelson,-0.4
jenkich01,Chad,Jenkins,-0.4
mujiced01,Edward,Mujica,-0.4
floydga01,Gavin,Floyd,-0.4
darviyu01,Yu,Darvish,-0.4
priceda01,David,Price,-0.4
ohlenro01,Ross,Ohlendorf,-0.45999999999999996
sotone01,Neftali,Soto,-0.48
lackejo01,John,Lackey,-0.5
bettich01,Chad,Bettis,-0.5
escaled01,Edgmer,Escalona,-0.5
corpama01,Manny,Corpas,-0.5
delarjo01,Jorge,"De La Rosa",-0.56
koehlto01,Tom,Koehler,-0.56
haleda02,David,Hale,-0.6
kurodhi01,Hiroki,Kuroda,-0.6
novaiv01,Ivan,Nova,-0.6
penaca01,Carlos,Pena,-0.6
colonba01,Bartolo,Colon,-0.6
betemwi01,Wilson,Betemit,-0.6
haranaa01,Aaron,Harang,-0.6
carmofa01,Roberto,Hernandez,-0.6
correke01,Kevin,Correia,-0.7
hellwjo01,Johnny,Hellweg,-0.7000000000000001
lestejo01,Jon,Lester,-0.7000000000000001
fiersmi01,Mike,Fiers,-0.7000000000000001
detwiro01,Ross,Detwiler,-0.75
weaveje02,Jered,Weaver,-0.8
staufti01,Tim,Stauffer,-0.8
lerudst01,Steven,Lerud,-0.8
perezma02,Martin,Perez,-0.8
garcifr02,Freddy,Garcia,-0.8
gorzeto01,Tom,Gorzelanny,-0.8200000000000001
fifest01,Stephen,Fife,-0.83
lylesjo01,Jordan,Lyles,-0.9
magilma01,Matt,Magill,-0.9
wilsoju10,Justin,Wilson,-0.9
gomezje01,Jeanmar,Gomez,-0.92
ransoco01,Cody,Ransom,-1
lillyte01,Ted,Lilly,-1
martiet01,Ethan,Martin,-1.0999999999999999
mejiaje01,Jenrry,Mejia,-1.2
thornty01,Tyler,Thornburg,-1.4000000000000001
hefneje01,Jeremy,Hefner,-1.54
hallaro01,Roy,Halladay,-1.8599999999999999
garcija02,Jaime,Garcia,-2
woodal02,Alex,Wood,-2.9
